{"stats":{"minecraft:mined":{"minecraft:grass":11,"minecraft:oxeye_daisy":1},"minecraft:custom":{"minecraft:time_since_rest":32900,"minecraft:crouch_one_cm":382,"minecraft:damage_taken":135,"minecraft:play_time":53072,"minecraft:sprint_one_cm":16578,"minecraft:walk_one_cm":60108,"minecraft:deaths":10,"minecraft:sneak_time":638,"minecraft:mob_kills":2,"minecraft:drop":3,"minecraft:jump":106,"minecraft:damage_dealt":403,"minecraft:leave_game":7,"minecraft:time_since_death":32870,"minecraft:walk_on_water_one_cm":330,"minecraft:total_world_time":53072,"minecraft:fly_one_cm":256057},"minecraft:picked_up":{"minecraft:wooden_axe":4,"minecraft:stone":2,"minecraft:rotten_flesh":1,"minecraft:wheat_seeds":7,"minecraft:dandelion":2,"minecraft:gravel":2,"minecraft:poppy":3,"minecraft:gunpowder":2,"minecraft:cobblestone_stairs":1,"minecraft:dirt":22,"minecraft:oxeye_daisy":1},"minecraft:killed":{"minecraft:zombie":1,"minecraft:creeper":1},"minecraft:used":{"minecraft:glowstone":1,"minecraft:cobblestone_stairs":405,"minecraft:grass_block":93,"minecraft:stone":7,"minecraft:gravel":3},"minecraft:dropped":{"minecraft:oxeye_daisy":1,"minecraft:gunpowder":2}},"DataVersion":3465}