{"stats":{"minecraft:killed_by":{"minecraft:zombie":1},"minecraft:mined":{"minecraft:grass":11,"minecraft:oxeye_daisy":1},"minecraft:custom":{"minecraft:time_since_rest":1035,"minecraft:sprint_one_cm":19560,"minecraft:damage_taken":245,"minecraft:walk_one_cm":89580,"minecraft:mob_kills":3,"minecraft:drop":3,"minecraft:damage_dealt":1541,"minecraft:fly_one_cm":323543,"minecraft:crouch_one_cm":446,"minecraft:play_time":83072,"minecraft:deaths":12,"minecraft:sneak_time":1323,"minecraft:walk_under_water_one_cm":641,"minecraft:jump":178,"minecraft:leave_game":7,"minecraft:walk_on_water_one_cm":330,"minecraft:time_since_death":1011,"minecraft:total_world_time":83072},"minecraft:picked_up":{"minecraft:wooden_axe":4,"minecraft:stone":2,"minecraft:dandelion":2,"minecraft:gravel":2,"minecraft:gunpowder":2,"minecraft:cobblestone_stairs":1,"minecraft:dirt":22,"minecraft:rotten_flesh":1,"minecraft:wheat_seeds":7,"minecraft:poppy":3,"minecraft:oxeye_daisy":1},"minecraft:killed":{"minecraft:zombie":1,"minecraft:giant":1,"minecraft:creeper":1},"minecraft:used":{"minecraft:glass":2,"minecraft:light":28,"minecraft:cobblestone_stairs":405,"minecraft:command_block":1,"minecraft:grass_block":101,"minecraft:tinted_glass":1,"minecraft:stone":38,"minecraft:beacon":1,"minecraft:deepslate":3,"minecraft:gravel":3,"minecraft:bedrock":5,"minecraft:glowstone":9,"minecraft:wooden_sword":20,"minecraft:black_stained_glass":1,"minecraft:emerald_block":10},"minecraft:dropped":{"minecraft:oxeye_daisy":1,"minecraft:gunpowder":2}},"DataVersion":3465}