{"stats":{"minecraft:mined":{"minecraft:grass":16,"minecraft:oxeye_daisy":1},"minecraft:used":{"minecraft:oak_fence":31,"minecraft:glass":3,"minecraft:light":28,"minecraft:mangrove_log":10,"minecraft:cobblestone_stairs":405,"minecraft:spruce_door":1,"minecraft:command_block":43,"minecraft:chicken":2,"minecraft:grass_block":138,"minecraft:oak_sign":2,"minecraft:chest":1,"minecraft:tinted_glass":1,"minecraft:stone":47,"minecraft:deepslate":3,"minecraft:beacon":1,"minecraft:gravel":3,"minecraft:player_head":5,"minecraft:bedrock":5,"minecraft:soul_campfire":1,"minecraft:wooden_sword":20,"minecraft:glowstone":9,"minecraft:dirt":2,"minecraft:black_stained_glass":1,"minecraft:emerald_block":10,"minecraft:white_bed":4,"minecraft:polished_blackstone_button":1,"minecraft:stripped_cherry_wood":1},"minecraft:picked_up":{"minecraft:wooden_axe":4,"minecraft:stone":2,"minecraft:dandelion":2,"minecraft:gravel":2,"minecraft:white_bed":1,"minecraft:grass_block":2,"minecraft:gunpowder":2,"minecraft:cobblestone_stairs":1,"minecraft:dirt":22,"minecraft:command_block":3,"minecraft:rotten_flesh":1,"minecraft:wheat_seeds":8,"minecraft:cooked_chicken":4,"minecraft:poppy":3,"minecraft:oxeye_daisy":1},"minecraft:killed_by":{"minecraft:zombie":1},"minecraft:killed":{"minecraft:zombie":1,"minecraft:giant":1,"minecraft:creeper":1},"minecraft:custom":{"minecraft:time_since_rest":12325,"minecraft:sprint_one_cm":58034,"minecraft:damage_taken":265,"minecraft:walk_one_cm":150233,"minecraft:mob_kills":3,"minecraft:drop":5,"minecraft:damage_dealt":1576,"minecraft:fly_one_cm":478518,"minecraft:crouch_one_cm":2923,"minecraft:play_time":154621,"minecraft:deaths":20,"minecraft:interact_with_campfire":4,"minecraft:sneak_time":3105,"minecraft:walk_under_water_one_cm":3159,"minecraft:jump":346,"minecraft:leave_game":16,"minecraft:walk_on_water_one_cm":723,"minecraft:time_since_death":25017,"minecraft:sleep_in_bed":3,"minecraft:total_world_time":154621,"minecraft:fall_one_cm":1298},"minecraft:dropped":{"minecraft:oxeye_daisy":1,"minecraft:wheat_seeds":1,"minecraft:gunpowder":2,"minecraft:command_block":1}},"DataVersion":3465}